t,estado,cmd,ev,err_giro,dN,dE,dS,dO,pN,pE,pS,pO,yaw,yaw_ref,corr,rpm_DI,rpm_DD,rpm_TI,rpm_TD,obj_DI,obj_DD,obj_TI,obj_TD,pwm_DI,pwm_DD,pwm_TI,pwm_TD,desp_DI,desp_DD,desp_TI,desp_TD,agc_DI,agc_DD,agc_TI,agc_TD,vivas,cortadas,kp,ki,kd,kpy,kiy,kdy,corrmax,signoyaw,crucero,vgiro,celda,odom
1789412591.45,0,0,0.0,0.0,600.0,186.0,467.0,600.0,0.0,1.0,0.0,0.0,0.05,0.0,0.0,0.0,0.0,0.0,0.0,0.0,0.0,0.0,0.0,0.0,0.0,0.0,0.0,95.0,83.0,93.0,39.0,26.0,15.0,97.0,44.0,15.0,0.0,0.25,0.2,0.0,3.6,0.0,0.7,30.0,1.0,0.228,60.0,27.0,1.0
1789412592.1,0,0,0.0,0.0,600.0,186.0,469.0,600.0,0.0,1.0,0.0,0.0,0.05,0.0,0.0,0.0,0.0,0.0,0.0,0.0,0.0,0.0,0.0,0.0,0.0,0.0,0.0,95.0,83.0,93.0,39.0,26.0,15.0,97.0,44.0,15.0,0.0,0.25,0.2,0.0,3.6,0.0,0.7,30.0,1.0,0.228,60.0,27.0,1.0
1789412592.71,0,0,0.0,0.0,600.0,245.0,467.0,600.0,0.0,1.0,0.0,0.0,0.05,0.0,0.0,0.0,0.0,0.0,0.0,0.0,0.0,0.0,0.0,0.0,0.0,0.0,0.0,95.0,83.0,93.0,39.0,26.0,15.0,97.0,44.0,15.0,0.0,0.25,0.2,0.0,3.6,0.0,0.7,30.0,1.0,0.228,60.0,27.0,1.0
1789412593.34,0,0,0.0,0.0,600.0,263.0,470.0,600.0,0.0,1.0,0.0,0.0,0.04,0.0,0.0,0.0,0.0,0.0,0.0,0.0,0.0,0.0,0.0,0.0,0.0,0.0,0.0,95.0,83.0,93.0,39.0,26.0,15.0,97.0,44.0,15.0,0.0,0.25,0.2,0.0,3.6,0.0,0.7,30.0,1.0,0.228,60.0,27.0,1.0
1789412593.97,0,0,0.0,0.0,600.0,265.0,469.0,526.0,0.0,1.0,0.0,0.0,0.04,0.0,0.0,0.0,0.0,0.0,0.0,0.0,0.0,0.0,0.0,0.0,0.0,0.0,0.0,95.0,83.0,93.0,39.0,26.0,15.0,97.0,44.0,15.0,0.0,0.25,0.2,0.0,3.6,0.0,0.7,30.0,1.0,0.228,60.0,27.0,1.0
1789412594.48,0,0,0.0,0.0,600.0,265.0,469.0,368.0,0.0,1.0,0.0,0.0,0.03,0.0,0.0,0.0,0.0,0.0,0.0,0.0,0.0,0.0,0.0,0.0,0.0,0.0,0.0,95.0,83.0,93.0,39.0,26.0,15.0,97.0,44.0,15.0,0.0,0.25,0.2,0.0,3.6,0.0,0.7,30.0,1.0,0.228,60.0,27.0,1.0
1789412594.99,0,0,0.0,0.0,600.0,273.0,472.0,524.0,0.0,1.0,0.0,0.0,0.03,0.0,0.0,0.0,0.0,0.0,0.0,0.0,0.0,0.0,0.0,0.0,0.0,0.0,0.0,95.0,83.0,93.0,39.0,26.0,15.0,97.0,44.0,15.0,0.0,0.25,0.2,0.0,3.6,0.0,0.7,30.0,1.0,0.228,60.0,27.0,1.0
1789412595.65,0,0,0.0,0.0,600.0,281.0,470.0,600.0,0.0,0.0,0.0,0.0,0.01,0.0,0.0,0.0,0.0,0.0,0.0,0.0,0.0,0.0,0.0,0.0,0.0,0.0,0.0,95.0,83.0,93.0,39.0,26.0,15.0,97.0,44.0,15.0,0.0,0.25,0.2,0.0,3.6,0.0,0.7,30.0,1.0,0.228,60.0,27.0,1.0
1789412596.27,0,0,0.0,0.0,600.0,285.0,467.0,600.0,0.0,0.0,0.0,0.0,0.0,0.0,0.0,0.0,0.0,0.0,0.0,0.0,0.0,0.0,0.0,0.0,0.0,0.0,0.0,95.0,83.0,93.0,39.0,26.0,15.0,97.0,44.0,15.0,0.0,0.25,0.2,0.0,3.6,0.0,0.7,30.0,1.0,0.228,60.0,27.0,1.0
1789412596.9,0,0,0.0,0.0,600.0,288.0,468.0,600.0,0.0,0.0,0.0,0.0,0.01,0.0,0.0,0.0,0.0,0.0,0.0,0.0,0.0,0.0,0.0,0.0,0.0,0.0,0.0,95.0,83.0,93.0,39.0,26.0,15.0,97.0,44.0,15.0,0.0,0.25,0.2,0.0,3.6,0.0,0.7,30.0,1.0,0.228,60.0,27.0,1.0
1789412597.51,0,0,0.0,0.0,600.0,268.0,468.0,600.0,0.0,1.0,0.0,0.0,0.01,0.0,0.0,0.0,0.0,0.0,0.0,0.0,0.0,0.0,0.0,0.0,0.0,0.0,0.0,95.0,83.0,93.0,39.0,26.0,15.0,97.0,44.0,15.0,0.0,0.25,0.2,0.0,3.6,0.0,0.7,30.0,1.0,0.228,60.0,27.0,1.0
1789412598.13,0,0,0.0,0.0,600.0,266.0,468.0,600.0,0.0,1.0,0.0,0.0,0.01,0.0,0.0,0.0,0.0,0.0,0.0,0.0,0.0,0.0,0.0,0.0,0.0,0.0,0.0,95.0,83.0,93.0,39.0,26.0,15.0,97.0,44.0,15.0,0.0,0.25,0.2,0.0,3.6,0.0,0.7,30.0,1.0,0.228,60.0,27.0,1.0
1789412598.74,0,0,0.0,0.0,600.0,288.0,468.0,600.0,0.0,0.0,0.0,0.0,0.02,0.0,0.0,0.0,0.0,0.0,0.0,0.0,0.0,0.0,0.0,0.0,0.0,0.0,0.0,95.0,83.0,93.0,39.0,26.0,15.0,97.0,44.0,15.0,0.0,0.25,0.2,0.0,3.6,0.0,0.7,30.0,1.0,0.228,60.0,27.0,1.0
1789412599.35,0,0,0.0,0.0,600.0,300.0,469.0,600.0,0.0,0.0,0.0,0.0,0.02,0.0,0.0,0.0,0.0,0.0,0.0,0.0,0.0,0.0,0.0,0.0,0.0,0.0,0.0,95.0,83.0,93.0,39.0,26.0,15.0,97.0,44.0,15.0,0.0,0.25,0.2,0.0,3.6,0.0,0.7,30.0,1.0,0.228,60.0,27.0,1.0
1789412599.96,0,0,0.0,0.0,600.0,293.0,468.0,600.0,0.0,0.0,0.0,0.0,0.02,0.0,0.0,0.0,0.0,0.0,0.0,0.0,0.0,0.0,0.0,0.0,0.0,0.0,0.0,95.0,83.0,93.0,39.0,26.0,15.0,97.0,44.0,15.0,0.0,0.25,0.2,0.0,3.6,0.0,0.7,30.0,1.0,0.228,60.0,27.0,1.0
1789412600.58,0,0,0.0,0.0,600.0,353.0,471.0,600.0,0.0,0.0,0.0,0.0,0.02,0.0,0.0,0.0,0.0,0.0,0.0,0.0,0.0,0.0,0.0,0.0,0.0,0.0,0.0,95.0,83.0,93.0,39.0,26.0,15.0,97.0,44.0,15.0,0.0,0.25,0.2,0.0,3.6,0.0,0.7,30.0,1.0,0.228,60.0,27.0,1.0
1789412601.2,0,0,0.0,0.0,600.0,361.0,471.0,600.0,0.0,0.0,0.0,0.0,0.01,0.0,0.0,0.0,0.0,0.0,0.0,0.0,0.0,0.0,0.0,0.0,0.0,0.0,0.0,95.0,83.0,93.0,39.0,26.0,15.0,97.0,44.0,15.0,0.0,0.25,0.2,0.0,3.6,0.0,0.7,30.0,1.0,0.228,60.0,27.0,1.0
1789412601.81,0,0,0.0,0.0,600.0,360.0,472.0,600.0,0.0,0.0,0.0,0.0,0.01,0.0,0.0,0.0,0.0,0.0,0.0,0.0,0.0,0.0,0.0,0.0,0.0,0.0,0.0,95.0,83.0,93.0,39.0,26.0,15.0,97.0,44.0,15.0,0.0,0.25,0.2,0.0,3.6,0.0,0.7,30.0,1.0,0.228,60.0,27.0,1.0
1789412602.42,0,0,0.0,0.0,600.0,360.0,471.0,600.0,0.0,0.0,0.0,0.0,0.03,0.0,0.0,0.0,0.0,0.0,0.0,0.0,0.0,0.0,0.0,0.0,0.0,0.0,0.0,95.0,83.0,93.0,39.0,26.0,15.0,97.0,44.0,15.0,0.0,0.25,0.2,0.0,3.6,0.0,0.7,30.0,1.0,0.228,60.0,27.0,1.0
1789412603.03,0,0,0.0,0.0,600.0,364.0,470.0,600.0,0.0,0.0,0.0,0.0,0.03,0.0,0.0,0.0,0.0,0.0,0.0,0.0,0.0,0.0,0.0,0.0,0.0,0.0,0.0,95.0,83.0,93.0,39.0,26.0,15.0,97.0,44.0,15.0,0.0,0.25,0.2,0.0,3.6,0.0,0.7,30.0,1.0,0.228,60.0,27.0,1.0
1789412603.64,0,0,0.0,0.0,600.0,355.0,470.0,600.0,0.0,0.0,0.0,0.0,0.02,0.0,0.0,0.0,0.0,0.0,0.0,0.0,0.0,0.0,0.0,0.0,0.0,0.0,0.0,95.0,83.0,93.0,39.0,26.0,15.0,97.0,44.0,15.0,0.0,0.25,0.2,0.0,3.6,0.0,0.7,30.0,1.0,0.228,60.0,27.0,1.0
1789412604.25,0,0,0.0,0.0,600.0,354.0,473.0,600.0,0.0,0.0,0.0,0.0,0.02,0.0,0.0,0.0,0.0,0.0,0.0,0.0,0.0,0.0,0.0,0.0,0.0,0.0,0.0,95.0,83.0,93.0,39.0,26.0,15.0,97.0,44.0,15.0,0.0,0.25,0.2,0.0,3.6,0.0,0.7,30.0,1.0,0.228,60.0,27.0,1.0
1789412604.87,0,0,0.0,0.0,600.0,358.0,469.0,600.0,0.0,0.0,0.0,0.0,0.02,0.0,0.0,0.0,0.0,0.0,0.0,0.0,0.0,0.0,0.0,0.0,0.0,0.0,0.0,95.0,83.0,93.0,39.0,26.0,15.0,97.0,44.0,15.0,0.0,0.25,0.2,0.0,3.6,0.0,0.7,30.0,1.0,0.228,60.0,27.0,1.0
1789412605.49,0,0,0.0,0.0,600.0,364.0,473.0,600.0,0.0,0.0,0.0,0.0,0.02,0.0,0.0,0.0,0.0,0.0,0.0,0.0,0.0,0.0,0.0,0.0,0.0,0.0,0.0,95.0,83.0,93.0,39.0,26.0,15.0,97.0,44.0,15.0,0.0,0.25,0.2,0.0,3.6,0.0,0.7,30.0,1.0,0.228,60.0,27.0,1.0
1789412606.1,0,0,0.0,0.0,600.0,368.0,475.0,600.0,0.0,0.0,0.0,0.0,0.02,0.0,0.0,0.0,0.0,0.0,0.0,0.0,0.0,0.0,0.0,0.0,0.0,0.0,0.0,95.0,83.0,93.0,39.0,26.0,15.0,97.0,44.0,15.0,0.0,0.25,0.2,0.0,3.6,0.0,0.7,30.0,1.0,0.228,60.0,27.0,1.0
1789412606.71,0,0,0.0,0.0,600.0,375.0,474.0,600.0,0.0,0.0,0.0,0.0,0.01,0.0,0.0,0.0,0.0,0.0,0.0,0.0,0.0,0.0,0.0,0.0,0.0,0.0,0.0,95.0,83.0,93.0,39.0,26.0,15.0,97.0,44.0,15.0,0.0,0.25,0.2,0.0,3.6,0.0,0.7,30.0,1.0,0.228,60.0,27.0,1.0
1789412607.32,0,0,0.0,0.0,600.0,363.0,473.0,600.0,0.0,0.0,0.0,0.0,0.01,0.0,0.0,0.0,0.0,0.0,0.0,0.0,0.0,0.0,0.0,0.0,0.0,0.0,0.0,95.0,83.0,93.0,39.0,26.0,15.0,97.0,44.0,15.0,0.0,0.25,0.2,0.0,3.6,0.0,0.7,30.0,1.0,0.228,60.0,27.0,1.0
1789412607.94,0,0,0.0,0.0,600.0,363.0,474.0,600.0,0.0,0.0,0.0,0.0,0.01,0.0,0.0,0.0,0.0,0.0,0.0,0.0,0.0,0.0,0.0,0.0,0.0,0.0,0.0,95.0,83.0,93.0,39.0,26.0,15.0,97.0,44.0,15.0,0.0,0.25,0.2,0.0,3.6,0.0,0.7,30.0,1.0,0.228,60.0,27.0,1.0
1789412608.55,0,0,0.0,0.0,600.0,352.0,471.0,600.0,0.0,0.0,0.0,0.0,0.01,0.0,0.0,0.0,0.0,0.0,0.0,0.0,0.0,0.0,0.0,0.0,0.0,0.0,0.0,95.0,83.0,93.0,39.0,26.0,15.0,97.0,44.0,15.0,0.0,0.25,0.2,0.0,3.6,0.0,0.7,30.0,1.0,0.228,60.0,27.0,1.0
1789412609.17,0,0,0.0,0.0,600.0,294.0,470.0,600.0,0.0,0.0,0.0,0.0,0.01,0.0,0.0,0.0,0.0,0.0,0.0,0.0,0.0,0.0,0.0,0.0,0.0,0.0,0.0,95.0,83.0,93.0,39.0,26.0,15.0,97.0,44.0,15.0,0.0,0.25,0.2,0.0,3.6,0.0,0.7,30.0,1.0,0.228,60.0,27.0,1.0
1789412609.79,0,0,0.0,0.0,600.0,280.0,467.0,600.0,0.0,0.0,0.0,0.0,0.01,0.0,0.0,0.0,0.0,0.0,0.0,0.0,0.0,0.0,0.0,0.0,0.0,0.0,0.0,95.0,83.0,93.0,39.0,26.0,15.0,97.0,44.0,15.0,0.0,0.25,0.2,0.0,3.6,0.0,0.7,30.0,1.0,0.228,60.0,27.0,1.0
1789412610.39,0,0,0.0,0.0,600.0,273.0,467.0,600.0,0.0,1.0,0.0,0.0,0.0,0.0,0.0,0.0,0.0,0.0,0.0,0.0,0.0,0.0,0.0,0.0,0.0,0.0,0.0,95.0,83.0,93.0,39.0,26.0,15.0,97.0,44.0,15.0,0.0,0.25,0.2,0.0,3.6,0.0,0.7,30.0,1.0,0.228,60.0,27.0,1.0
1789412611.01,0,0,0.0,0.0,600.0,306.0,471.0,600.0,0.0,0.0,0.0,0.0,-0.0,0.0,0.0,0.0,0.0,0.0,0.0,0.0,0.0,0.0,0.0,0.0,0.0,0.0,0.0,95.0,83.0,93.0,39.0,26.0,15.0,97.0,44.0,15.0,0.0,0.25,0.2,0.0,3.6,0.0,0.7,30.0,1.0,0.228,60.0,27.0,1.0
1789412621.88,0,0,0.0,0.0,600.0,304.0,467.0,600.0,0.0,0.0,0.0,0.0,0.04,0.0,0.0,0.0,0.0,0.0,0.0,0.0,0.0,0.0,0.0,0.0,0.0,0.0,0.0,95.0,83.0,93.0,39.0,26.0,15.0,97.0,42.0,15.0,0.0,0.25,0.2,0.0,3.6,0.0,0.7,30.0,1.0,0.228,60.0,3.5,25.0,27.0,1.0
1789412622.5,0,0,0.0,0.0,600.0,295.0,469.0,600.0,0.0,0.0,0.0,0.0,0.04,0.0,0.0,0.0,0.0,0.0,0.0,0.0,0.0,0.0,0.0,0.0,0.0,0.0,0.0,95.0,83.0,93.0,39.0,26.0,15.0,97.0,42.0,15.0,0.0,0.25,0.2,0.0,3.6,0.0,0.7,30.0,1.0,0.228,60.0,3.5,25.0,27.0,1.0
1789412623.11,0,0,0.0,0.0,600.0,293.0,467.0,600.0,0.0,0.0,0.0,0.0,0.04,0.0,0.0,0.0,0.0,0.0,0.0,0.0,0.0,0.0,0.0,0.0,0.0,0.0,0.0,95.0,83.0,93.0,39.0,26.0,15.0,97.0,42.0,15.0,0.0,0.25,0.2,0.0,3.6,0.0,0.7,30.0,1.0,0.228,60.0,3.5,25.0,27.0,1.0
1789412623.74,0,0,0.0,0.0,600.0,300.0,468.0,600.0,0.0,0.0,0.0,0.0,0.04,0.0,0.0,0.0,0.0,0.0,0.0,0.0,0.0,0.0,0.0,0.0,0.0,0.0,0.0,95.0,83.0,93.0,39.0,26.0,15.0,97.0,42.0,15.0,0.0,0.25,0.2,0.0,3.6,0.0,0.7,30.0,1.0,0.228,60.0,3.5,25.0,27.0,1.0
1789412624.35,0,0,0.0,0.0,600.0,304.0,468.0,600.0,0.0,0.0,0.0,0.0,0.04,0.0,0.0,0.0,0.0,0.0,0.0,0.0,0.0,0.0,0.0,0.0,0.0,0.0,0.0,95.0,83.0,93.0,39.0,26.0,15.0,97.0,42.0,15.0,0.0,0.25,0.2,0.0,3.6,0.0,0.7,30.0,1.0,0.228,60.0,3.5,25.0,27.0,1.0
1789412624.96,0,0,0.0,0.0,600.0,302.0,467.0,600.0,0.0,0.0,0.0,0.0,0.04,0.0,0.0,0.0,0.0,0.0,0.0,0.0,0.0,0.0,0.0,0.0,0.0,0.0,0.0,95.0,83.0,93.0,39.0,26.0,15.0,97.0,42.0,15.0,0.0,0.25,0.2,0.0,3.6,0.0,0.7,30.0,1.0,0.228,60.0,3.5,25.0,27.0,1.0
1789412625.58,0,0,0.0,0.0,600.0,301.0,467.0,600.0,0.0,0.0,0.0,0.0,0.03,0.0,0.0,0.0,0.0,0.0,0.0,0.0,0.0,0.0,0.0,0.0,0.0,0.0,0.0,95.0,83.0,93.0,39.0,26.0,15.0,97.0,42.0,15.0,0.0,0.25,0.2,0.0,3.6,0.0,0.7,30.0,1.0,0.228,60.0,3.5,25.0,27.0,1.0
1789412626.19,0,0,0.0,0.0,600.0,301.0,466.0,600.0,0.0,0.0,0.0,0.0,0.03,0.0,0.0,0.0,0.0,0.0,0.0,0.0,0.0,0.0,0.0,0.0,0.0,0.0,0.0,95.0,83.0,93.0,39.0,26.0,15.0,97.0,42.0,15.0,0.0,0.25,0.2,0.0,3.6,0.0,0.7,30.0,1.0,0.228,60.0,3.5,25.0,27.0,1.0
1789412626.8,0,0,0.0,0.0,600.0,301.0,470.0,600.0,0.0,0.0,0.0,0.0,0.02,0.0,0.0,0.0,0.0,0.0,0.0,0.0,0.0,0.0,0.0,0.0,0.0,0.0,0.0,95.0,83.0,93.0,39.0,26.0,15.0,97.0,42.0,15.0,0.0,0.25,0.2,0.0,3.6,0.0,0.7,30.0,1.0,0.228,60.0,3.5,25.0,27.0,1.0
1789412627.42,0,0,0.0,0.0,600.0,309.0,470.0,600.0,0.0,0.0,0.0,0.0,0.03,0.0,0.0,0.0,0.0,0.0,0.0,0.0,0.0,0.0,0.0,0.0,0.0,0.0,0.0,95.0,83.0,93.0,39.0,26.0,15.0,97.0,42.0,15.0,0.0,0.25,0.2,0.0,3.6,0.0,0.7,30.0,1.0,0.228,60.0,3.5,25.0,27.0,1.0
1789412628.03,0,0,0.0,0.0,600.0,308.0,470.0,600.0,0.0,0.0,0.0,0.0,0.02,0.0,0.0,0.0,0.0,0.0,0.0,0.0,0.0,0.0,0.0,0.0,0.0,0.0,0.0,95.0,83.0,93.0,39.0,26.0,15.0,97.0,42.0,15.0,0.0,0.25,0.2,0.0,3.6,0.0,0.7,30.0,1.0,0.228,60.0,3.5,25.0,27.0,1.0
1789412628.64,0,0,0.0,0.0,600.0,294.0,470.0,600.0,0.0,0.0,0.0,0.0,0.03,0.0,0.0,0.0,0.0,0.0,0.0,0.0,0.0,0.0,0.0,0.0,0.0,0.0,0.0,95.0,83.0,93.0,39.0,26.0,15.0,97.0,42.0,15.0,0.0,0.25,0.2,0.0,3.6,0.0,0.7,30.0,1.0,0.228,60.0,3.5,25.0,27.0,1.0
1789412629.26,0,0,0.0,0.0,600.0,290.0,468.0,600.0,0.0,0.0,0.0,0.0,0.02,0.0,0.0,0.0,0.0,0.0,0.0,0.0,0.0,0.0,0.0,0.0,0.0,0.0,0.0,95.0,83.0,93.0,39.0,26.0,15.0,97.0,42.0,15.0,0.0,0.25,0.2,0.0,3.6,0.0,0.7,30.0,1.0,0.228,60.0,3.5,25.0,27.0,1.0
1789412629.87,0,0,0.0,0.0,600.0,299.0,470.0,600.0,0.0,0.0,0.0,0.0,0.02,0.0,0.0,0.0,0.0,0.0,0.0,0.0,0.0,0.0,0.0,0.0,0.0,0.0,0.0,95.0,83.0,93.0,39.0,26.0,15.0,97.0,42.0,15.0,0.0,0.25,0.2,0.0,3.6,0.0,0.7,30.0,1.0,0.228,60.0,3.5,25.0,27.0,1.0
1789412630.49,0,0,0.0,0.0,600.0,303.0,468.0,600.0,0.0,0.0,0.0,0.0,0.02,0.0,0.0,0.0,0.0,0.0,0.0,0.0,0.0,0.0,0.0,0.0,0.0,0.0,0.0,95.0,83.0,93.0,39.0,26.0,15.0,97.0,42.0,15.0,0.0,0.25,0.2,0.0,3.6,0.0,0.7,30.0,1.0,0.228,60.0,3.5,25.0,27.0,1.0
1789412631.1,0,0,0.0,0.0,600.0,304.0,468.0,600.0,0.0,0.0,0.0,0.0,0.02,0.0,0.0,0.0,0.0,0.0,0.0,0.0,0.0,0.0,0.0,0.0,0.0,0.0,0.0,95.0,83.0,93.0,39.0,26.0,15.0,97.0,42.0,15.0,0.0,0.25,0.2,0.0,3.6,0.0,0.7,30.0,1.0,0.228,60.0,3.5,25.0,27.0,1.0
1789412631.71,0,0,0.0,0.0,600.0,303.0,467.0,600.0,0.0,0.0,0.0,0.0,0.02,0.0,0.0,0.0,0.0,0.0,0.0,0.0,0.0,0.0,0.0,0.0,0.0,0.0,0.0,95.0,83.0,93.0,39.0,26.0,15.0,97.0,42.0,15.0,0.0,0.25,0.2,0.0,3.6,0.0,0.7,30.0,1.0,0.228,60.0,3.5,25.0,27.0,1.0
1789412632.33,0,0,0.0,0.0,600.0,307.0,468.0,600.0,0.0,0.0,0.0,0.0,0.02,0.0,0.0,0.0,0.0,0.0,0.0,0.0,0.0,0.0,0.0,0.0,0.0,0.0,0.0,95.0,83.0,93.0,39.0,26.0,15.0,97.0,42.0,15.0,0.0,0.25,0.2,0.0,3.6,0.0,0.7,30.0,1.0,0.228,60.0,3.5,25.0,27.0,1.0
1789412632.95,0,0,0.0,0.0,600.0,304.0,467.0,600.0,0.0,0.0,0.0,0.0,0.02,0.0,0.0,0.0,0.0,0.0,0.0,0.0,0.0,0.0,0.0,0.0,0.0,0.0,0.0,95.0,83.0,93.0,39.0,26.0,15.0,97.0,42.0,15.0,0.0,0.25,0.2,0.0,3.6,0.0,0.7,30.0,1.0,0.228,60.0,3.5,25.0,27.0,1.0
1789412633.57,0,0,0.0,0.0,600.0,295.0,470.0,600.0,0.0,0.0,0.0,0.0,0.02,0.0,0.0,0.0,0.0,0.0,0.0,0.0,0.0,0.0,0.0,0.0,0.0,0.0,0.0,95.0,83.0,93.0,39.0,26.0,15.0,97.0,42.0,15.0,0.0,0.25,0.2,0.0,3.6,0.0,0.7,30.0,1.0,0.228,60.0,3.5,25.0,27.0,1.0
1789412634.18,0,0,0.0,0.0,600.0,289.0,467.0,600.0,0.0,0.0,0.0,0.0,0.01,0.0,0.0,0.0,0.0,0.0,0.0,0.0,0.0,0.0,0.0,0.0,0.0,0.0,0.0,95.0,83.0,93.0,39.0,26.0,15.0,97.0,42.0,15.0,0.0,0.25,0.2,0.0,3.6,0.0,0.7,30.0,1.0,0.228,60.0,3.5,25.0,27.0,1.0
1789412634.79,0,0,0.0,0.0,600.0,292.0,470.0,600.0,0.0,0.0,0.0,0.0,0.02,0.0,0.0,0.0,0.0,0.0,0.0,0.0,0.0,0.0,0.0,0.0,0.0,0.0,0.0,95.0,83.0,93.0,39.0,26.0,15.0,97.0,42.0,15.0,0.0,0.25,0.2,0.0,3.6,0.0,0.7,30.0,1.0,0.228,60.0,3.5,25.0,27.0,1.0
1789412635.4,0,0,0.0,0.0,600.0,289.0,468.0,600.0,0.0,0.0,0.0,0.0,0.02,0.0,0.0,0.0,0.0,0.0,0.0,0.0,0.0,0.0,0.0,0.0,0.0,0.0,0.0,95.0,83.0,93.0,39.0,26.0,15.0,97.0,42.0,15.0,0.0,0.25,0.2,0.0,3.6,0.0,0.7,30.0,1.0,0.228,60.0,3.5,25.0,27.0,1.0
1789412636.02,0,0,0.0,0.0,600.0,299.0,465.0,600.0,0.0,0.0,0.0,0.0,0.02,0.0,0.0,0.0,0.0,0.0,0.0,0.0,0.0,0.0,0.0,0.0,0.0,0.0,0.0,95.0,83.0,93.0,39.0,26.0,15.0,97.0,42.0,15.0,0.0,0.25,0.2,0.0,3.6,0.0,0.7,30.0,1.0,0.228,60.0,3.5,25.0,27.0,1.0
1789412636.63,0,0,0.0,0.0,600.0,254.0,469.0,600.0,0.0,1.0,0.0,0.0,0.02,0.0,0.0,0.0,0.0,0.0,0.0,0.0,0.0,0.0,0.0,0.0,0.0,0.0,0.0,95.0,83.0,93.0,39.0,26.0,15.0,97.0,42.0,15.0,0.0,0.25,0.2,0.0,3.6,0.0,0.7,30.0,1.0,0.228,60.0,3.5,25.0,27.0,1.0
1789412637.25,0,0,0.0,0.0,600.0,212.0,470.0,600.0,0.0,1.0,0.0,0.0,0.02,0.0,0.0,0.0,0.0,0.0,0.0,0.0,0.0,0.0,0.0,0.0,0.0,0.0,0.0,95.0,83.0,93.0,39.0,26.0,15.0,97.0,42.0,15.0,0.0,0.25,0.2,0.0,3.6,0.0,0.7,30.0,1.0,0.228,60.0,3.5,25.0,27.0,1.0
1789412637.86,0,0,0.0,0.0,600.0,219.0,467.0,600.0,0.0,1.0,0.0,0.0,0.02,0.0,0.0,0.0,0.0,0.0,0.0,0.0,0.0,0.0,0.0,0.0,0.0,0.0,0.0,95.0,83.0,93.0,39.0,26.0,15.0,97.0,42.0,15.0,0.0,0.25,0.2,0.0,3.6,0.0,0.7,30.0,1.0,0.228,60.0,3.5,25.0,27.0,1.0
1789412638.47,0,0,0.0,0.0,600.0,214.0,471.0,600.0,0.0,1.0,0.0,0.0,0.02,0.0,0.0,0.0,0.0,0.0,0.0,0.0,0.0,0.0,0.0,0.0,0.0,0.0,0.0,95.0,83.0,93.0,39.0,26.0,15.0,97.0,42.0,15.0,0.0,0.25,0.2,0.0,3.6,0.0,0.7,30.0,1.0,0.228,60.0,3.5,25.0,27.0,1.0
1789412639.09,0,0,0.0,0.0,600.0,209.0,471.0,600.0,0.0,1.0,0.0,0.0,0.02,0.0,0.0,0.0,0.0,0.0,0.0,0.0,0.0,0.0,0.0,0.0,0.0,0.0,0.0,95.0,83.0,93.0,39.0,26.0,15.0,97.0,42.0,15.0,0.0,0.25,0.2,0.0,3.6,0.0,0.7,30.0,1.0,0.228,60.0,3.5,25.0,27.0,1.0
1789412639.71,0,0,0.0,0.0,600.0,203.0,470.0,600.0,0.0,1.0,0.0,0.0,0.04,0.0,0.0,0.0,0.0,0.0,0.0,0.0,0.0,0.0,0.0,0.0,0.0,0.0,0.0,95.0,83.0,93.0,39.0,26.0,15.0,97.0,42.0,15.0,0.0,0.25,0.2,0.0,3.6,0.0,0.7,30.0,1.0,0.228,60.0,3.5,25.0,27.0,1.0
1789412640.32,0,0,0.0,0.0,600.0,206.0,469.0,600.0,0.0,1.0,0.0,0.0,0.04,0.0,0.0,0.0,0.0,0.0,0.0,0.0,0.0,0.0,0.0,0.0,0.0,0.0,0.0,95.0,83.0,93.0,39.0,26.0,15.0,97.0,42.0,15.0,0.0,0.25,0.2,0.0,3.6,0.0,0.7,30.0,1.0,0.228,60.0,3.5,25.0,27.0,1.0
1789412640.93,0,0,0.0,0.0,600.0,241.0,467.0,600.0,0.0,1.0,0.0,0.0,0.03,0.0,0.0,0.0,0.0,0.0,0.0,0.0,0.0,0.0,0.0,0.0,0.0,0.0,0.0,95.0,83.0,93.0,39.0,26.0,15.0,97.0,42.0,15.0,0.0,0.25,0.2,0.0,3.6,0.0,0.7,30.0,1.0,0.228,60.0,3.5,25.0,27.0,1.0
1789412641.55,0,0,0.0,0.0,600.0,287.0,468.0,600.0,0.0,0.0,0.0,0.0,0.02,0.0,0.0,0.0,0.0,0.0,0.0,0.0,0.0,0.0,0.0,0.0,0.0,0.0,0.0,95.0,83.0,93.0,39.0,26.0,15.0,97.0,42.0,15.0,0.0,0.25,0.2,0.0,3.6,0.0,0.7,30.0,1.0,0.228,60.0,3.5,25.0,27.0,1.0
1789412642.17,0,0,0.0,0.0,600.0,267.0,469.0,600.0,0.0,1.0,0.0,0.0,0.02,0.0,0.0,0.0,0.0,0.0,0.0,0.0,0.0,0.0,0.0,0.0,0.0,0.0,0.0,95.0,83.0,93.0,39.0,26.0,15.0,97.0,42.0,15.0,0.0,0.25,0.2,0.0,3.6,0.0,0.7,30.0,1.0,0.228,60.0,3.5,25.0,27.0,1.0
1789412642.79,0,0,0.0,0.0,600.0,269.0,471.0,600.0,0.0,1.0,0.0,0.0,0.02,0.0,0.0,0.0,0.0,0.0,0.0,0.0,0.0,0.0,0.0,0.0,0.0,0.0,0.0,95.0,83.0,93.0,39.0,26.0,15.0,97.0,42.0,15.0,0.0,0.25,0.2,0.0,3.6,0.0,0.7,30.0,1.0,0.228,60.0,3.5,25.0,27.0,1.0
1789412643.41,0,0,0.0,0.0,600.0,279.0,471.0,600.0,0.0,0.0,0.0,0.0,0.03,0.0,0.0,0.0,0.0,0.0,0.0,0.0,0.0,0.0,0.0,0.0,0.0,0.0,0.0,95.0,83.0,93.0,39.0,26.0,15.0,97.0,42.0,15.0,0.0,0.25,0.2,0.0,3.6,0.0,0.7,30.0,1.0,0.228,60.0,3.5,25.0,27.0,1.0
1789412644.02,0,0,0.0,0.0,600.0,282.0,471.0,600.0,0.0,0.0,0.0,0.0,0.03,0.0,0.0,0.0,0.0,0.0,0.0,0.0,0.0,0.0,0.0,0.0,0.0,0.0,0.0,95.0,83.0,93.0,39.0,26.0,15.0,97.0,42.0,15.0,0.0,0.25,0.2,0.0,3.6,0.0,0.7,30.0,1.0,0.228,60.0,3.5,25.0,27.0,1.0
1789412644.63,0,0,0.0,0.0,600.0,264.0,470.0,600.0,0.0,1.0,0.0,0.0,0.03,0.0,0.0,0.0,0.0,0.0,0.0,0.0,0.0,0.0,0.0,0.0,0.0,0.0,0.0,95.0,83.0,93.0,39.0,26.0,15.0,97.0,42.0,15.0,0.0,0.25,0.2,0.0,3.6,0.0,0.7,30.0,1.0,0.228,60.0,3.5,25.0,27.0,1.0
1789412645.25,0,0,0.0,0.0,600.0,268.0,470.0,600.0,0.0,1.0,0.0,0.0,0.03,0.0,0.0,0.0,0.0,0.0,0.0,0.0,0.0,0.0,0.0,0.0,0.0,0.0,0.0,95.0,83.0,93.0,39.0,26.0,15.0,97.0,42.0,15.0,0.0,0.25,0.2,0.0,3.6,0.0,0.7,30.0,1.0,0.228,60.0,3.5,25.0,27.0,1.0
1789412645.86,0,0,0.0,0.0,600.0,273.0,471.0,600.0,0.0,1.0,0.0,0.0,0.02,0.0,0.0,0.0,0.0,0.0,0.0,0.0,0.0,0.0,0.0,0.0,0.0,0.0,0.0,95.0,83.0,93.0,39.0,26.0,15.0,97.0,42.0,15.0,0.0,0.25,0.2,0.0,3.6,0.0,0.7,30.0,1.0,0.228,60.0,3.5,25.0,27.0,1.0
1789412646.51,0,0,0.0,0.0,600.0,277.0,471.0,551.0,0.0,0.0,0.0,0.0,0.02,0.0,0.0,0.0,0.0,0.0,0.0,0.0,0.0,0.0,0.0,0.0,0.0,0.0,0.0,95.0,83.0,93.0,39.0,26.0,15.0,97.0,42.0,15.0,0.0,0.25,0.2,0.0,3.6,0.0,0.7,30.0,1.0,0.228,60.0,3.5,25.0,27.0,1.0
1789412647.02,0,0,0.0,0.0,600.0,278.0,469.0,484.0,0.0,0.0,0.0,0.0,0.02,0.0,0.0,0.0,0.0,0.0,0.0,0.0,0.0,0.0,0.0,0.0,0.0,0.0,0.0,95.0,83.0,93.0,39.0,26.0,15.0,97.0,42.0,15.0,0.0,0.25,0.2,0.0,3.6,0.0,0.7,30.0,1.0,0.228,60.0,3.5,25.0,27.0,1.0
1789412647.53,0,0,0.0,0.0,600.0,280.0,469.0,498.0,0.0,0.0,0.0,0.0,0.02,0.0,0.0,0.0,0.0,0.0,0.0,0.0,0.0,0.0,0.0,0.0,0.0,0.0,0.0,95.0,83.0,93.0,39.0,26.0,15.0,97.0,42.0,15.0,0.0,0.25,0.2,0.0,3.6,0.0,0.7,30.0,1.0,0.228,60.0,3.5,25.0,27.0,1.0
1789412648.04,0,0,0.0,0.0,600.0,286.0,470.0,498.0,0.0,0.0,0.0,0.0,0.02,0.0,0.0,0.0,0.0,0.0,0.0,0.0,0.0,0.0,0.0,0.0,0.0,0.0,0.0,95.0,83.0,93.0,39.0,26.0,15.0,97.0,42.0,15.0,0.0,0.25,0.2,0.0,3.6,0.0,0.7,30.0,1.0,0.228,60.0,3.5,25.0,27.0,1.0
1789412648.56,0,0,0.0,0.0,600.0,314.0,469.0,498.0,0.0,0.0,0.0,0.0,0.02,0.0,0.0,0.0,0.0,0.0,0.0,0.0,0.0,0.0,0.0,0.0,0.0,0.0,0.0,95.0,83.0,93.0,39.0,26.0,15.0,97.0,42.0,15.0,0.0,0.25,0.2,0.0,3.6,0.0,0.7,30.0,1.0,0.228,60.0,3.5,25.0,27.0,1.0
1789412649.08,0,0,0.0,0.0,600.0,322.0,468.0,497.0,0.0,0.0,0.0,0.0,0.01,0.0,0.0,0.0,0.0,0.0,0.0,0.0,0.0,0.0,0.0,0.0,0.0,0.0,0.0,95.0,83.0,93.0,39.0,26.0,15.0,97.0,42.0,15.0,0.0,0.25,0.2,0.0,3.6,0.0,0.7,30.0,1.0,0.228,60.0,3.5,25.0,27.0,1.0
1789412649.59,0,0,0.0,0.0,600.0,326.0,469.0,494.0,0.0,0.0,0.0,0.0,0.02,0.0,0.0,0.0,0.0,0.0,0.0,0.0,0.0,0.0,0.0,0.0,0.0,0.0,0.0,95.0,83.0,93.0,39.0,26.0,15.0,97.0,42.0,15.0,0.0,0.25,0.2,0.0,3.6,0.0,0.7,30.0,1.0,0.228,60.0,3.5,25.0,27.0,1.0
1789412650.1,0,0,0.0,0.0,600.0,339.0,468.0,499.0,0.0,0.0,0.0,0.0,0.02,0.0,0.0,0.0,0.0,0.0,0.0,0.0,0.0,0.0,0.0,0.0,0.0,0.0,0.0,95.0,83.0,93.0,39.0,26.0,15.0,97.0,42.0,15.0,0.0,0.25,0.2,0.0,3.6,0.0,0.7,30.0,1.0,0.228,60.0,3.5,25.0,27.0,1.0
1789412650.61,0,0,0.0,0.0,600.0,361.0,469.0,499.0,0.0,0.0,0.0,0.0,0.03,0.0,0.0,0.0,0.0,0.0,0.0,0.0,0.0,0.0,0.0,0.0,0.0,0.0,0.0,95.0,83.0,93.0,39.0,26.0,15.0,97.0,42.0,15.0,0.0,0.25,0.2,0.0,3.6,0.0,0.7,30.0,1.0,0.228,60.0,3.5,25.0,27.0,1.0
1789412651.13,0,0,0.0,0.0,600.0,356.0,471.0,494.0,0.0,0.0,0.0,0.0,0.03,0.0,0.0,0.0,0.0,0.0,0.0,0.0,0.0,0.0,0.0,0.0,0.0,0.0,0.0,95.0,83.0,93.0,39.0,26.0,15.0,97.0,42.0,15.0,0.0,0.25,0.2,0.0,3.6,0.0,0.7,30.0,1.0,0.228,60.0,3.5,25.0,27.0,1.0
1789412651.64,0,0,0.0,0.0,600.0,328.0,470.0,497.0,0.0,0.0,0.0,0.0,0.03,0.0,0.0,0.0,0.0,0.0,0.0,0.0,0.0,0.0,0.0,0.0,0.0,0.0,0.0,95.0,83.0,93.0,39.0,26.0,15.0,97.0,42.0,15.0,0.0,0.25,0.2,0.0,3.6,0.0,0.7,30.0,1.0,0.228,60.0,3.5,25.0,27.0,1.0
1789412652.15,0,0,0.0,0.0,600.0,341.0,469.0,497.0,0.0,0.0,0.0,0.0,0.03,0.0,0.0,0.0,0.0,0.0,0.0,0.0,0.0,0.0,0.0,0.0,0.0,0.0,0.0,95.0,83.0,93.0,39.0,26.0,15.0,97.0,42.0,15.0,0.0,0.25,0.2,0.0,3.6,0.0,0.7,30.0,1.0,0.228,60.0,3.5,25.0,27.0,1.0
1789412652.66,0,0,0.0,0.0,600.0,348.0,468.0,497.0,0.0,0.0,0.0,0.0,0.03,0.0,0.0,0.0,0.0,0.0,0.0,0.0,0.0,0.0,0.0,0.0,0.0,0.0,0.0,95.0,83.0,93.0,39.0,26.0,15.0,97.0,42.0,15.0,0.0,0.25,0.2,0.0,3.6,0.0,0.7,30.0,1.0,0.228,60.0,3.5,25.0,27.0,1.0
1789412653.18,0,0,0.0,0.0,600.0,347.0,471.0,495.0,0.0,0.0,0.0,0.0,0.02,0.0,0.0,0.0,0.0,0.0,0.0,0.0,0.0,0.0,0.0,0.0,0.0,0.0,0.0,95.0,83.0,93.0,39.0,26.0,15.0,97.0,42.0,15.0,0.0,0.25,0.2,0.0,3.6,0.0,0.7,30.0,1.0,0.228,60.0,3.5,25.0,27.0,1.0
1789412653.69,0,0,0.0,0.0,600.0,349.0,473.0,493.0,0.0,0.0,0.0,0.0,0.02,0.0,0.0,0.0,0.0,0.0,0.0,0.0,0.0,0.0,0.0,0.0,0.0,0.0,0.0,95.0,83.0,93.0,39.0,26.0,15.0,97.0,42.0,15.0,0.0,0.25,0.2,0.0,3.6,0.0,0.7,30.0,1.0,0.228,60.0,3.5,25.0,27.0,1.0
1789412654.2,0,0,0.0,0.0,600.0,350.0,469.0,492.0,0.0,0.0,0.0,0.0,0.02,0.0,0.0,0.0,0.0,0.0,0.0,0.0,0.0,0.0,0.0,0.0,0.0,0.0,0.0,95.0,83.0,93.0,39.0,26.0,15.0,97.0,42.0,15.0,0.0,0.25,0.2,0.0,3.6,0.0,0.7,30.0,1.0,0.228,60.0,3.5,25.0,27.0,1.0
1789412654.71,0,0,0.0,0.0,600.0,350.0,469.0,484.0,0.0,0.0,0.0,0.0,0.02,0.0,0.0,0.0,0.0,0.0,0.0,0.0,0.0,0.0,0.0,0.0,0.0,0.0,0.0,95.0,83.0,93.0,39.0,26.0,15.0,97.0,42.0,15.0,0.0,0.25,0.2,0.0,3.6,0.0,0.7,30.0,1.0,0.228,60.0,3.5,25.0,27.0,1.0
1789412655.22,0,0,0.0,0.0,600.0,351.0,467.0,489.0,0.0,0.0,0.0,0.0,0.02,0.0,0.0,0.0,0.0,0.0,0.0,0.0,0.0,0.0,0.0,0.0,0.0,0.0,0.0,95.0,83.0,93.0,39.0,26.0,15.0,97.0,42.0,15.0,0.0,0.25,0.2,0.0,3.6,0.0,0.7,30.0,1.0,0.228,60.0,3.5,25.0,27.0,1.0
1789412655.74,0,0,0.0,0.0,600.0,348.0,469.0,504.0,0.0,0.0,0.0,0.0,0.02,0.0,0.0,0.0,0.0,0.0,0.0,0.0,0.0,0.0,0.0,0.0,0.0,0.0,0.0,95.0,83.0,93.0,39.0,26.0,15.0,97.0,42.0,15.0,0.0,0.25,0.2,0.0,3.6,0.0,0.7,30.0,1.0,0.228,60.0,3.5,25.0,27.0,1.0
1789412656.25,0,0,0.0,0.0,600.0,342.0,469.0,503.0,0.0,0.0,0.0,0.0,0.02,0.0,0.0,0.0,0.0,0.0,0.0,0.0,0.0,0.0,0.0,0.0,0.0,0.0,0.0,95.0,83.0,93.0,39.0,26.0,15.0,97.0,42.0,15.0,0.0,0.25,0.2,0.0,3.6,0.0,0.7,30.0,1.0,0.228,60.0,3.5,25.0,27.0,1.0
1789412656.77,0,0,0.0,0.0,600.0,363.0,467.0,503.0,0.0,0.0,0.0,0.0,0.02,0.0,0.0,0.0,0.0,0.0,0.0,0.0,0.0,0.0,0.0,0.0,0.0,0.0,0.0,95.0,83.0,93.0,39.0,26.0,15.0,97.0,42.0,15.0,0.0,0.25,0.2,0.0,3.6,0.0,0.7,30.0,1.0,0.228,60.0,3.5,25.0,27.0,1.0
1789412657.28,0,0,0.0,0.0,600.0,361.0,471.0,499.0,0.0,0.0,0.0,0.0,0.02,0.0,0.0,0.0,0.0,0.0,0.0,0.0,0.0,0.0,0.0,0.0,0.0,0.0,0.0,95.0,83.0,93.0,39.0,26.0,15.0,97.0,42.0,15.0,0.0,0.25,0.2,0.0,3.6,0.0,0.7,30.0,1.0,0.228,60.0,3.5,25.0,27.0,1.0
1789412657.8,0,0,0.0,0.0,600.0,368.0,471.0,490.0,0.0,0.0,0.0,0.0,0.02,0.0,0.0,0.0,0.0,0.0,0.0,0.0,0.0,0.0,0.0,0.0,0.0,0.0,0.0,95.0,83.0,93.0,39.0,26.0,15.0,97.0,42.0,15.0,0.0,0.25,0.2,0.0,3.6,0.0,0.7,30.0,1.0,0.228,60.0,3.5,25.0,27.0,1.0
1789412658.31,0,0,0.0,0.0,600.0,367.0,468.0,492.0,0.0,0.0,0.0,0.0,0.02,0.0,0.0,0.0,0.0,0.0,0.0,0.0,0.0,0.0,0.0,0.0,0.0,0.0,0.0,95.0,83.0,93.0,39.0,26.0,15.0,97.0,42.0,15.0,0.0,0.25,0.2,0.0,3.6,0.0,0.7,30.0,1.0,0.228,60.0,3.5,25.0,27.0,1.0
1789412658.82,0,0,0.0,0.0,600.0,364.0,469.0,492.0,0.0,0.0,0.0,0.0,0.02,0.0,0.0,0.0,0.0,0.0,0.0,0.0,0.0,0.0,0.0,0.0,0.0,0.0,0.0,95.0,83.0,93.0,39.0,26.0,15.0,97.0,42.0,15.0,0.0,0.25,0.2,0.0,3.6,0.0,0.7,30.0,1.0,0.228,60.0,3.5,25.0,27.0,1.0
1789412659.33,0,0,0.0,0.0,600.0,365.0,471.0,492.0,0.0,0.0,0.0,0.0,0.02,0.0,0.0,0.0,0.0,0.0,0.0,0.0,0.0,0.0,0.0,0.0,0.0,0.0,0.0,95.0,83.0,93.0,39.0,26.0,15.0,97.0,42.0,15.0,0.0,0.25,0.2,0.0,3.6,0.0,0.7,30.0,1.0,0.228,60.0,3.5,25.0,27.0,1.0
1789412659.85,0,0,0.0,0.0,600.0,364.0,469.0,487.0,0.0,0.0,0.0,0.0,0.02,0.0,0.0,0.0,0.0,0.0,0.0,0.0,0.0,0.0,0.0,0.0,0.0,0.0,0.0,95.0,83.0,93.0,39.0,26.0,15.0,97.0,42.0,15.0,0.0,0.25,0.2,0.0,3.6,0.0,0.7,30.0,1.0,0.228,60.0,3.5,25.0,27.0,1.0
1789412660.36,0,0,0.0,0.0,600.0,350.0,467.0,462.0,0.0,0.0,0.0,0.0,0.02,0.0,0.0,0.0,0.0,0.0,0.0,0.0,0.0,0.0,0.0,0.0,0.0,0.0,0.0,95.0,83.0,93.0,39.0,26.0,15.0,97.0,42.0,15.0,0.0,0.25,0.2,0.0,3.6,0.0,0.7,30.0,1.0,0.228,60.0,3.5,25.0,27.0,1.0
1789412660.87,0,0,0.0,0.0,389.0,354.0,468.0,377.0,0.0,0.0,0.0,0.0,0.02,0.0,0.0,0.0,0.0,0.0,0.0,0.0,0.0,0.0,0.0,0.0,0.0,0.0,0.0,95.0,83.0,93.0,39.0,26.0,15.0,97.0,42.0,15.0,0.0,0.25,0.2,0.0,3.6,0.0,0.7,30.0,1.0,0.228,60.0,3.5,25.0,27.0,1.0
1789412661.39,0,0,0.0,0.0,274.0,358.0,468.0,248.0,1.0,0.0,0.0,1.0,-0.17,0.0,0.0,0.0,0.0,0.0,-0.0,0.0,0.0,0.0,0.0,0.0,0.0,0.0,0.0,95.0,83.0,93.0,39.0,26.0,15.0,97.0,42.0,15.0,0.0,0.25,0.2,0.0,3.6,0.0,0.7,30.0,1.0,0.228,60.0,3.5,25.0,27.0,1.0
